"age","income","education","satisfaction"
34.3952435344779,35063.01912723,"Bachelor's",5.98178857168006
37.6982251051672,34400.6743435071,"PhD",7.86146910452119
55.5870831414912,49730.2963913501,"Bachelor's",5.94322821056661
40.7050839142458,48017.373007149,"High School",6.1990239141551
41.2928773516095,11759.8583787435,"Master's",8.16157690992649
57.3863376690625,65608.6018357906,"Master's",6.2865679069918
44.609162059892,53745.8860397779,"High School",6.96335893166972
27.3493876539347,86243.1105972249,"Master's",8.52851214442655
24.7068946881958,92241.2641403357,"Bachelor's",6.02329746259851
39.73981365226,43295.6103655701,"Bachelor's",9.39294080120805
52.2408179743946,91960.8672043714,"Bachelor's",10.0629331899895
43.5981382705736,92483.3903587326,"High School",7.92172187506496
44.0077145059405,31719.3227556473,"PhD",7.63289676120524
41.1068271594512,57035.4793393314,"Master's",6.25536749846016
34.4415886524593,46831.2962205177,"High School",7.73644211923905
57.8691313680308,52805.7671983102,"High School",6.24702674559473
44.9785047822924,52885.5447011637,NA,7.43225472737742
20.3338284337036,31071.4930569642,"High School",5.97006098763831
47.0135590156369,54283.8437036384,"High School",8.18260567904575
35.2720859227207,76238.7104471269,"Bachelor's",8.03705326144553
29.3217629401315,47538.649937978,"Master's",8.86449851207699
37.820250853417,47556.0993395232,"PhD",9.97331456864375
29.7399555169276,70978.580095062,"High School",8.80929471280874
32.7110877070886,63475.9436102442,"PhD",8.44928393834103
33.7496073215074,25272.5777242807,"Bachelor's",4.85909882935719
23.1330668925759,53428.3545989328,"Bachelor's",6.31377436202796
48.3778704449452,42489.2135305254,"PhD",8.4182000269127
41.5337311783652,71229.1452487871,"High School",5.89241627444641
28.6186306298805,56299.2740572134,"High School",7.51846104981686
52.5381492106993,60818.3121066934,"Master's",5.64933295915709
44.2646422147681,32045.9718171697,"High School",6.44447394382741
37.0492851700773,52745.719549159,NA,6.93880461032491
48.9512566104502,35683.2659721827,"PhD",6.08152185039093
48.7813348753304,43129.7289785458,"PhD",4.08122186527545
48.2158108163749,64034.055256694,"Master's",7.36464449429136
46.8864025410009,32946.6033246329,NA,7.71235014310679
45.5391765353759,54003.7737630959,"High School",7.20507186109171
39.3808828942328,56424.9805920732,"PhD",6.26687841146753
36.9403733626008,50823.6795475944,"Master's",8.35030548589066
36.1952899898762,77332.8323275312,"Bachelor's",8.61630349009213
33.0529302107949,34664.7900713713,"Bachelor's",3.43949371592512
37.920827219804,59091.953921534,"Bachelor's",8.68686225629367
27.3460364843174,48666.04148824,"Master's",4.33067837926973
47.1160192248624,46087.5163424911,NA,6.48317445634686
52.0796199830499,56961.3685077857,"High School",5.33624032936108
28.7689141679665,34693.991139741,"Master's",6.05484132561536
35.9711516470092,30298.2362522239,"Bachelor's",8.97532565308636
35.3334464637678,42582.7868677487,"Master's",7.80177008242611
47.7996511833632,76276.3572463317,"High School",7.74084712861282
39.1663093352817,50836.4716191878,"High School",3.88301135298278
42.5331851399475,58678.8393741277,"Bachelor's",7.29448801411235
39.714532446513,47152.3004348369,"Bachelor's",7.94320473081085
39.5712954270868,57057.3909793074,"Bachelor's",8.29142071509042
53.6860228401446,35724.8068547428,"Bachelor's",5.54012897428716
37.7422901434073,67368.6569985296,"Bachelor's",6.18458827635586
55.1647060442954,58770.5789036203,"Bachelor's",4.9071913325571
24.5124719576978,54161.7022555202,"PhD",9.6081145283145
45.8461374963607,50818.2986871799,"High School",5.56100461961606
41.2385424384461,60744.9742924868,"Master's",8.14753658015402
42.1594156874397,58365.964730819,"PhD",7.47686701770315
43.7963948275988,72229.0102381532,"High School",5.40459922358067
34.976765468907,40805.1836765772,"Master's",8.7163879841029
36.6679261633058,66742.0492323559,"Master's",7.05006526394109
29.8142461689291,65548.2201491183,"Master's",7.06947958627535
29.2820877352442,47562.7530214572,"Bachelor's",5.97896885670137
43.0352864140426,35361.0996076717,"PhD",8.30274587861487
44.4820977862943,33662.8221367323,"Bachelor's",7.03252078134712
27.5895550319151,56866.8043691746,"PhD",8.67284297453952
49.2226746787974,32216.1252644699,"High School",6.47172870263331
52.3667580008161,76686.5400027717,"Bachelor's",7.7909324773732
35.0896883394346,58027.0694074431,"High School",7.56785728336591
16.9083112435919,44420.8268725476,"Master's",8.26578966564757
50.0573852446226,34616.8662725433,"Master's",6.0684362575647
32.9079923741761,41263.9748809212,"High School",7.2665372468018
33.1199138353264,55143.32589346,"Bachelor's",6.12975238130223
50.255713696967,43235.9802941502,"PhD",8.36295673860016
37.1522699294899,57713.4518034604,"Bachelor's",6.04497043078738
27.7928228774546,44984.9292174533,"Bachelor's",9.59835804456512
41.8130347974915,48416.6013680829,"Master's",8.18555740305867
38.6110863756096,39042.3549078826,"High School",6.97943803171924
42.0738115738531,78575.6537736306,"Master's",8.80929471280874
43.8528040112633,43666.5949521557,"High School",6.87311358979262
36.2933996820759,48594.1514935869,"PhD",7.84489342245405
22.4893248060392,24622.063776739,"Bachelor's",7.79229160002265
37.7951343818125,59896.8784932399,"Master's",7.63455764861549
43.317819639157,34645.6461668043,"Master's",6.10485365543633
50.9683901314935,36627.1763846855,"High School",5.1237335835982
44.351814908338,45003.1864816408,"High School",4.47759893533925
36.7406841446877,43209.4903023766,"Bachelor's",6.31555546149809
51.4880761845109,23774.4157999523,"Bachelor's",8.0241897883037
45.8299140568006,76548.5616483403,"PhD",6.64144377474577
45.4839695950807,17473.7337897949,"High School",5.19497359979809
42.3873173511144,58592.1729478938,"Master's",10.2347164029251
33.7209392396063,42822.0768432454,"Bachelor's",8.05301413457291
53.6065244853001,40535.482000092,"Master's",9.91992715039845
33.9974041285287,56664.3057711733,"High School",8.81955453058193
61.8733299301658,56586.9558258283,"Bachelor's",6.08293132245323
55.3261062618519,65609.3472937177,"Master's",6.38211819512982
37.6429964089952,57261.4908192878,"Bachelor's",4.83897853259543
29.7357909969322,31702.8495272465,NA,8.11071017966452
36.4908217280693,63739.8808691032,"Bachelor's",9.435488878341
42.5688370915653,62009.3353476465,"PhD",5.6192726828911
37.5330812153763,45260.946031364,"Bachelor's",6.11430301700933
36.5245740060227,28988.188490064,"High School",8.32401710254672
30.4838143273498,52404.1630998977,"Master's",4.7252814465989
39.5497227519108,45890.5643783723,"PhD",9.88241733665281
40.9658583408244,35216.9133115656,"Bachelor's",7.85820366670937
28.8010027860238,51258.9601927255,"High School",4.42765741924217
36.1977347971224,30200.0521026964,"High School",7.53237834359863
49.1899660906077,52418.395269893,NA,8.32401710254672
34.2465303739161,40626.0741868712,"Bachelor's",3.29737970022299
46.0796432222503,64357.4641128872,"Bachelor's",6.93721295451407
23.8211729171084,86367.337117423,"High School",6.11910884819944
39.4443803447546,36260.3113446981,"Bachelor's",5.66905451086412
44.5476926898263,65864.9625641446,"High School",7.35807522962602
43.0115336216671,62377.2459165242,"Master's",8.27633545344071
41.0567619414894,48947.0866354196,"PhD",9.59051324982108
33.5929399169462,43195.3043891448,"High School",8.11541699171495
42.0559750448339,73629.6156025623,"High School",8.11541699171495
29.7587120939509,19918.1327264563,"Bachelor's",5.57147333299706
41.1764659710013,40352.0781260951,NA,8.73449524807076
30.525253858152,58052.8403334732,NA,7.51879251123676
35.0944255629933,70929.7015841911,"Master's",9.16743575809064
37.4390780780175,47139.4485103271,"Master's",4.77585804136501
58.4386200523221,71351.8869297537,"Bachelor's",7.74194694644326
39.224610332088,43343.7603220021,"PhD",7.44273900705195
42.3538657228486,49249.4409816856,"Bachelor's",8.57179336887914
40.7796084956371,43343.7603220021,"High School",6.6532472370475
30.3814336586987,54497.9787520422,"Bachelor's",8.71602526889311
43.5981382705736,37742.3755164783,"High School",6.33255868678618
54.4455085842335,57354.539640081,"PhD",6.35614389416033
44.5150405307921,48557.5519838005,"High School",7.03806895218368
40.4123292199294,57027.8768379522,NA,5.39612174142656
35.7750316766038,35264.4404609322,"Master's",6.31514253874857
19.4675277845948,38851.1578785612,"PhD",8.66500574272362
51.3133721341418,39598.7800508572,"Master's",9.47774305645859
25.3935992907518,38480.1564036083,"PhD",8.67138201944253
47.3994751087733,69485.7495002538,"Master's",6.36270223721713
59.0910356921748,73687.1834271214,"High School",7.47771982830943
25.561068390282,47646.620704414,"High School",7.36967388731001
47.0178433537471,44615.9515912298,"PhD",5.1114587905963
46.4751335797759,45064.417543675,"High School",7.32159201091115
24.2785584085451,51038.5471677952,"Master's",5.76356000849229
24.8533234621825,51453.5635055158,"Master's",5.40906367157929
23.9846382642541,54350.5158164836,"Master's",8.08825819204886
34.690934778297,38799.8158843062,NA,5.93810216934049
25.382444150041,92241.2641403357,"Master's",7.13333941379663
42.0738115738531,67956.1649561913,"Bachelor's",5.53942663467785
61.0010894052567,41770.5895834502,"PhD",7.08391663877971
27.1296952396482,54545.6854283818,"Master's",7.73851982972573
47.8773884747518,49145.44199295,"Bachelor's",7.75381788200036
52.9408390614558,35632.25911774,"Bachelor's",5.38711303415592
43.3220257895012,58865.9286411726,"Bachelor's",8.88706337503987
29.9162339172299,52596.5731023943,"High School",9.23945756956658
38.8054739336934,82903.8510359638,"Bachelor's",7.55936563961612
37.1960466482975,52745.719549159,"Bachelor's",7.23621932182652
45.6298953322048,42447.1206959859,"PhD",7.11601435498162
36.2756124389617,48098.3276031155,"Master's",7.38631891890962
49.7697338668562,32216.1252644699,"High School",7.56463538308396
36.2541914223299,37461.589199096,"PhD",7.20523542842225
50.5271146557933,35357.5464350425,"High School",7.9807347563721
48.1882813653178,45003.1864816408,"Master's",6.4963471864337
27.3984475524189,49010.585804713,"Master's",5.69506762404881
72.410399349424,48271.6743586708,"High School",6.94347578234406
35.8314241183957,40242.3107183821,"Master's",4.36645897519576
42.9822759154072,19719.6701137637,"PhD",6.8504194459249
46.3656967403385,55232.5245526489,"PhD",7.67053067898081
35.1621937429126,61424.5926147029,"High School",8.84504750925055
45.1686204431361,30669.2564697481,"PhD",7.09031564892266
43.6896452738509,72236.0407768791,"Bachelor's",4.0898961974935
37.8461949235831,55777.3223553085,"Bachelor's",7.00724764888804
40.6529303352532,70124.6044249081,NA,5.20118211704879
39.6593274626154,27205.1900758423,"PhD",5.53584144452538
61.2845189901618,52501.7193253138,"Bachelor's",5.46155942314755
32.5866390372717,50836.4716191878,"High School",5.80115961323116
29.0400373292534,61527.6114782266,"Bachelor's",8.70569363583504
40.3778839917108,41362.1064813096,"Bachelor's",6.69285592067147
43.1048074944314,49848.5349207131,NA,6.34140583907055
44.3652347891018,23320.1127688408,"Bachelor's",7.27626019210038
25.4353408292357,38335.6783569425,"Bachelor's",8.33556943836879
29.3667386602881,51875.5082549767,"High School",5.99994248488752
37.2405483157446,39405.1776141767,"Bachelor's",5.76066420419501
46.2971174669273,35683.2659721827,"PhD",6.22207641667924
31.3448713734663,42981.1103911217,"PhD",5.24242195114994
37.637204310589,59103.9520424224,NA,8.38005002420472
38.0282410565145,27205.1900758423,"Bachelor's",3.72706279885158
51.0992028971364,37662.4788078872,"High School",6.20846188396765
40.847372921972,45394.4516210791,"Bachelor's",4.83828996685919
47.5405378518452,71596.4188755461,"Master's",7.16655755128199
35.0070798282774,17016.1511872444,"Bachelor's",7.04298729561889
42.144453095816,45202.433123889,"PhD",9.30735349198417
36.7531408850917,80970.5642621501,NA,9.45196053219973
40.9458352817357,82903.8510359638,"Bachelor's",6.15583568747085
31.0463664202246,56731.5228385235,NA,5.95456643722263
26.8919846667203,37045.8657407954,"Master's",6.19266054479262
59.9721338474797,52481.8612923566,"High School",8.06516534767578
46.0070882367242,40208.3840607947,"Bachelor's",3.15745455552997
27.4872863837506,68915.5240469698,"PhD",7.37155071163344
33.8883408331958,37902.7601644543,"High School",6.39168942848867
28.1451991540269,55593.6739281312,NA,5.88409225472334
61.9881034888372,59297.7511185304,"Bachelor's",3.99081995301981
53.1241297643351,54098.5355460023,"PhD",8.97675341957274
37.3485494330365,62772.8702225927,"PhD",4.5264148413162
45.4319405923209,38781.0504362554,"High School",6.9770381902115
35.8566005208114,59453.5974448097,NA,5.65764748372987
35.2375310538442,66449.9244965533,"Bachelor's",7.06947958627535
32.1139716214976,35173.3561642519,"Master's",7.69150611907568
34.0538273254049,66619.925614694,NA,6.24439184920308
56.5090746733669,42657.0069318138,"High School",5.466402315676
39.4597187491456,54415.3008265545,"Bachelor's",6.08238665645453
41.1924523642758,53027.5620843315,"High School",5.99890974517826
42.4368742959909,48968.5153654423,"Bachelor's",4.7600862564168
52.3247587848534,58042.2346367859,"High School",5.8290726791407
34.8393616905522,31543.5361186424,NA,8.61435729465275
30.0749284960796,47957.9469172255,"Master's",6.6687500353009
35.2375310538442,62386.8624749776,"PhD",7.49431260983094
35.5883678309471,17388.1302615603,"PhD",8.93781358468531
32.7693403006013,27681.1071896262,"Bachelor's",7.5005065474958
27.6372688111671,32570.9366360454,"PhD",9.21368046211309
27.152842776822,26163.6545878186,"PhD",6.02811105291954
34.2602652070201,56293.7455894454,"High School",9.02600261500049
46.1798581716653,35106.0747536598,"PhD",7.89011336172641
51.0984813892972,17531.7937200654,"Master's",5.21243667214895
50.7494507727239,40436.4685237933,"High School",7.60325651872784
36.3634270290475,44140.4712278779,"PhD",5.14346073914578
40.597499373846,62851.7821066716,"PhD",8.42084601353757
32.9540353631993,33443.7179600176,"High School",7.49431260983094
32.8278183842599,67419.3388360804,"PhD",6.64583471944507
48.8465049897692,35357.5464350425,"PhD",5.98069526658515
29.8440742139646,55435.2823645332,"Master's",5.72173256145356
59.5529396549246,37212.1149452825,"Bachelor's",9.55320956379517
39.0968040603415,79305.0181984706,"PhD",8.48770678435416
42.1453882662922,47535.9375185427,"Master's",8.01281961554117
32.6147229526043,22626.536237325,"PhD",7.11042993850591
34.2561131023673,46942.1529291126,"Master's",8.10450072182771
26.8298386769476,20983.3389390192,"Bachelor's",7.99256916537393
38.1707461162727,45342.3482631999,NA,5.64571753188578
44.1898240492446,43666.5949521557,NA,7.36278970501285
43.2430434416138,60227.4453560512,"Master's",6.69071649031373
32.1846351294525,42268.8320038195,"High School",6.67766058511016
32.11378029146,39108.4255264827,NA,6.29789115349581
34.9780128165714,33483.7738742115,"Master's",6.45439215877625
54.9606066984635,63025.0947154816,"PhD",6.64497409075671
28.6269637933426,38237.8399273603,"Bachelor's",8.8343211243974
38.209484056198,40213.93450251,"Bachelor's",3.50746055095286
59.0236182167893,60472.037132879,"Bachelor's",5.94723125738449
38.9902511467119,52745.719549159,"Master's",6.80067892095002
26.4015929617861,58231.6244066642,"Bachelor's",5.0751123943702
33.3523056472594,38799.8158843062,"High School",9.4286509151583
44.8545997890488,55806.2467936459,"Master's",6.64907754848221
43.7963948275988,65775.5190526306,"Bachelor's",5.32462280317961
34.3812363645022,59343.5819350579,NA,5.66257931978399
36.5608276587154,56504.3058471328,NA,8.30859274377016
40.9049664713922,55791.2665727662,"Bachelor's",9.80351401075613
55.9850877114583,69369.8495668712,"Master's",7.82756625619012
39.1143488786112,32258.0073982628,"Bachelor's",7.16054321106447
56.4084616597749,33422.2590626376,"High School",5.57719740991734
46.3075411565057,58879.1900509581,"PhD",8.97496706609377
38.8636010449386,48204.6550380033,"Bachelor's",8.08398538951895
24.670979971094,51110.0781752744,NA,4.41045811920005
34.7888268244748,61119.160657571,"High School",6.03215118127371
35.1012954686153,61299.4257177361,"PhD",6.64882375848771
40.4715443276153,46059.9424495733,"Bachelor's",9.5271388468809
53.0019867766682,45311.8419650435,"Bachelor's",6.59016373659676
62.9307897383109,51103.979135118,"High School",5.29983826860371
55.4758105898377,65945.2668394212,"Master's",7.53896193059586
38.6684903567106,56390.3073001851,NA,7.5034671457977
22.4347260444236,71495.1126623479,"Master's",8.21647652970907
36.1122013592826,32364.5272396376,"Bachelor's",7.62468420390036
47.8713361432271,20111.2134314129,"High School",7.61105362822053
48.4501300406744,63245.0346652587,"PhD",6.42079318406785
49.6252796848427,59181.2519135011,"High School",3.77004494884535
46.8430942941646,56220.510601677,"Master's",7.03848881961983
26.0472565020053,45801.7640428622,"PhD",7.25203720187273
48.4964304563335,48364.4373624615,NA,6.3981466007308
35.5344278357278,53440.932435627,"Bachelor's",9.10131471644937
41.7480270016126,50733.3333601893,"High School",9.4286509151583
40.7455117717373,64148.3670257933,"Bachelor's",7.80623994838182
37.0484219911642,48360.2431522035,"PhD",7.10466213666192
40.2467498282614,49510.1232146641,"High School",6.17274905020932
23.3252490241434,28607.2299061977,"High School",6.73458494832709
47.3649596477344,47924.9550718501,"Master's",7.38832776497468
43.8602656834968,48968.5153654423,"Bachelor's",8.45169518237154
37.3434837472178,15293.9633915088,"Master's",6.5558280147785
41.1814451104668,29527.5245417852,"High School",5.90762011236455
41.3403864536846,48912.6963507206,"PhD",10.7134087927992
42.21019468561,46020.7433770325,"Bachelor's",7.77783575552455
56.4084616597749,31986.9600768885,"High School",5.64459519199382
37.8094962106652,20126.9273593547,"PhD",8.39646858451488
41.6806538388466,44684.4617012986,"Bachelor's",7.09252974684678
51.6838387306909,59802.4364854141,"Bachelor's",8.24018387278245
46.6441586369409,76598.5794789135,NA,5.1577245709621
51.4526311038036,52519.1147110469,"Bachelor's",6.91235642313219
34.2253199894044,72397.7726094158,"High School",7.13591743106839
60.0248273029283,51245.3323645395,"Bachelor's",8.06516534767578
40.6670087093018,19719.6701137637,"Bachelor's",6.0848714026841
58.6685184470686,54872.3797002312,"PhD",6.01695515459029
26.4909731396929,73059.9130324392,NA,6.72283119079096
40.2098358635424,49224.2268065767,NA,7.25695214745563
52.4991457096922,63626.7154818838,"PhD",6.52393531709591
32.847578127772,38754.1131972172,"PhD",7.47547684368685
32.4731103178226,45175.9089516806,NA,5.347396881097
39.5497227519108,32783.4387431112,"Bachelor's",7.73644211923905
29.4748672066126,55315.2829467403,"PhD",9.83801594876212
35.628404668196,43773.5424553155,NA,6.1314603208232
43.3117917295898,59725.2102683612,"High School",6.40445779990813
31.718257296032,31702.8495272465,"Bachelor's",6.58006322726446
42.1198043337229,51608.5255213215,"PhD",8.17767779656534
52.3667504641657,35839.1346252523,NA,6.68451877865597
60.3757401824043,49994.2302692596,"Bachelor's",7.28817244581503
53.0117599220059,70139.3588000912,"PhD",4.5383058380004
47.5677476379596,42447.1206959859,"PhD",6.24791341309486
22.7326960088567,60750.2498140824,"PhD",7.90328472028038
33.9849329199322,39405.1776141767,NA,7.21224183752522
32.6714619370288,42822.0768432454,"High School",8.95271900045551
47.035239027569,31754.7903816215,"High School",5.31190471348788
31.66156419465,39813.315943132,"PhD",6.79703889092591
27.4135137193983,24455.5274728185,"Bachelor's",6.94387747954893
56.8443570809412,54349.0059334365,"High School",5.38770649912949
40.0168368848421,55405.3585681977,"Bachelor's",8.4967880893874
42.3743027249103,48947.0866354196,"PhD",6.83890037638878
52.1810861032581,42657.0069318138,"PhD",4.9216630143528
26.6122571276503,47562.7530214572,"PhD",6.11178905890867
46.608202977898,100855.562319073,"High School",5.34199965903086
34.7708762368658,53112.2061103318,"Bachelor's",8.55863276892163
46.8374552185071,62747.0997126678,"Bachelor's",10.8143566852932
39.3917804533993,68368.4046811124,"Bachelor's",5.98942627129538
46.3296071303145,39472.9334969209,"PhD",6.8616549878473
53.3551761505939,44732.0565566519,"Bachelor's",7.41960255143599
40.072900903169,24093.1844503221,NA,11.0634391285102
50.1755863695209,38951.3265159219,"Master's",3.50649480448639
28.1156596485202,59336.1467432917,"PhD",6.22906639645553
32.7839555956398,59380.2728129995,"PhD",5.19580786415838
55.1921771138818,46786.8269872538,"Master's",6.65856279064463
33.0529302107949,48311.6067274623,"Master's",7.78408094215559
19.4777717956627,22044.9952625659,"Master's",5.9052867909626
26.3596254791762,65478.8383478911,NA,9.75123357628532
37.9921898441088,28347.6066659687,"Master's",7.38559800559747
48.6577940433449,46871.4475637653,"PhD",10.5903780612819
38.9811674428478,43421.5480691175,"Bachelor's",8.23542493932753
46.2418747202065,46721.092747157,"Master's",5.50126794350916
49.5900537778783,71899.4891710368,"High School",5.86976317739772
56.7105482886294,41269.1012312695,"Bachelor's",7.40955762874443
40.5601673327496,58365.964730819,"High School",6.13315158837244
39.480180938191,27205.1900758423,"Bachelor's",6.36767796398932
22.4676264085773,37914.5287758313,"High School",8.09885896293733
40.9932759408783,32507.2293894839,"Master's",7.63168341497661
34.2814994210444,56119.1929437244,"Master's",10.8466139509194
30.2599041719591,37054.9363098819,"Bachelor's",6.03469159920614
38.2009376895246,54560.630525422,"PhD",5.06601896625375
50.1494317274366,47803.5876822812,"Bachelor's",7.51134234789747
20.0725151131142,42391.1834887755,"Master's",8.38350351113935
35.7272071279457,38140.8832141595,"Bachelor's",6.88049588538223
46.0796432222503,63276.6868258652,"PhD",8.13042647908672
31.0679242994505,63546.1412893185,NA,10.341294525286
43.3390294249922,80083.5991145094,"PhD",9.90073192293656
44.1142992061573,49946.2953740033,"PhD",6.1990239141551
39.6696384072401,27562.5977902679,"PhD",7.8200677620926
15.3410180623997,38473.7445947726,"PhD",5.9466840433808
65.7145814586664,56127.3275726022,"Master's",8.03472013585242
37.947007425318,78502.0450234208,"High School",7.35807522962602
46.5119328158767,51650.1368515958,"PhD",7.41638136709997
42.7376649103655,67105.802376927,"Bachelor's",5.7114780783862
50.2467323481835,61521.2195703839,"PhD",8.80806687374896
48.1765944637409,32478.62566824,NA,6.8737300502847
37.9020682877149,47433.3102160271,"Master's",6.3311200630674
44.5476926898263,69578.9230452152,"PhD",7.45730816695818
30.5459116887611,44934.7903899901,"High School",7.11459756999381
48.5692301089932,56956.942123517,"PhD",9.45529601754077
35.3896166111565,57156.7136806532,NA,5.85785966700203
64.1677335378821,42628.920496859,"High School",10.6884868052365
23.4895110431181,59336.1467432917,"PhD",5.84003142030548
35.3601275703398,69431.3868624696,"High School",7.2619650624401
36.1904326070599,37262.3809454978,"PhD",3.91278795287612
45.1013254687866,49099.8012000009,"Master's",6.01830920450542
34.10518961485,59434.4748877976,"Master's",8.0976600461931
30.0321925779248,31067.081759156,"PhD",7.75784958786853
41.444757047107,38645.2796458097,"Bachelor's",7.61585833262882
41.3403864536846,32258.0073982628,"PhD",6.29985204470097
22.0971876273594,59309.9533659343,"High School",4.23464130091326
44.605913494781,56694.6952495714,"PhD",5.39076305941087
41.9023031569246,56328.2703991053,"High School",5.82534904402347
41.7472639698184,56636.9715821846,"High School",7.93245576248605
29.4498295739732,58358.6861956841,"PhD",8.25616822208455
44.7613327830263,59590.3473795578,"Bachelor's",6.54566792626914
53.7857013695924,20470.0766498867,"High School",6.77267119838142
44.5623640317981,59181.2519135011,"Bachelor's",6.75572271621439
28.6441152962566,51686.9571882785,"Master's",7.08676829943359
35.643545303081,58027.0694074431,"PhD",9.30571732837923
43.4610361955361,32187.7088599207,"Master's",5.90993120786441
33.5295436868173,42505.9971527613,"Master's",6.69285592067147
18.4235366498472,33895.3551387326,NA,7.1180894386645
48.8425082002821,65858.6031906452,"Master's",4.99260116022241
31.7052238837548,69186.08874814,"High School",5.61845614719558
34.2643972923172,61815.1508803885,"Master's",9.30571732837923
36.7385610749465,59847.7011586907,"PhD",8.10978915736875
45.3298928682648,56779.2817510498,"Bachelor's",8.71013531407047
40.0285604762223,67256.7377957138,"Master's",6.30144106534224
49.6726726016791,52519.1147110469,"PhD",9.18085093185153
36.4545759692602,41508.3600065605,"PhD",5.7031656740207
39.2644398086352,33708.2263908297,"PhD",4.6055753807466
28.3134857557564,40020.4580665977,"PhD",4.08097983167201
33.6525173509109,60722.7253392401,"Bachelor's",8.65607541241087
39.7115844707169,43525.0834942711,"Bachelor's",7.45730816695818
46.7069596873393,53414.2240991013,"High School",6.80436716507721
23.4945345657489,69424.1869350546,"High School",6.5486135441958
36.5024576078873,58675.0241070418,"Bachelor's",9.37938318311015
47.5640643854548,70470.0917221031,"High School",8.80171825608887
59.5529396549246,24476.3029600939,"PhD",5.49439043320113
42.2729192167294,45789.8558042931,"PhD",4.91347452577566
39.9593934656366,53107.5796132689,"Master's",8.6279438213948
42.6783501533168,58678.8393741277,"Bachelor's",7.84091770902601
46.5325767947138,32461.9006770654,"High School",6.23352852236543
38.7729133902262,62092.7728317093,"PhD",7.59467794835665
35.8632348640788,54610.851142435,"Master's",3.96515334413296
13.5685104797102,53957.0902040708,"High School",6.00228779059983
39.0705898152053,82903.8510359638,"High School",7.47686701770315
44.3028469635999,48254.6234018451,NA,6.89063254146406
45.3539884086815,63883.1914774867,"Bachelor's",5.077168533827
34.4472164868675,59723.4466059723,"PhD",8.52289919601546
57.7950290977515,47746.8593874845,"PhD",8.74458900880303
42.8642441962882,65605.6552901105,"Bachelor's",5.5899402423145
41.2631585845889,54388.3802741927,"PhD",6.72180005631547
52.7226677946852,60031.270991592,"Master's",8.09592090919037
32.8153377868074,41087.3353756367,"Bachelor's",8.295587264078
35.4966137607529,73706.4775547888,"Bachelor's",6.2068785780477
63.9745248004976,49940.1658347502,"PhD",3.69419728212872
40.1112918722089,62717.6415334021,"High School",9.80351401075613
56.3356842140831,48498.2521116096,"PhD",4.12597267295549
51.8718681065156,45805.551395291,"Bachelor's",5.57488361597746
38.094831979571,64148.3670257933,"PhD",6.13386798262293
43.7842390363683,26230.7503311324,"PhD",4.44430239172855
43.000385452058,57175.4922169105,"Master's",5.19883430982604
29.9436374048916,54610.851142435,"Bachelor's",6.63882240457845
40.1925927462537,9570.05946313225,"Master's",6.54688974829418
29.2257934688802,55525.6599279989,"High School",4.36893286346908
47.1270332524428,17473.7337897949,"Bachelor's",7.76406826283638
50.8477508986065,59897.0656533908,"Bachelor's",5.46781549437435
17.7501230351259,43191.2939992821,"High School",6.76291159389517
39.6593274626154,39575.9476214766,NA,6.70514168949857
27.5895550319151,49897.30545241,"PhD",8.38350351113935
44.5476926898263,70595.7806747599,"PhD",6.90102781042958
46.5990263814261,36468.529871908,"PhD",6.79847802167761
38.0011017189857,58371.5494092317,"High School",9.48211126600332
33.5488604314021,55117.3680263282,"Bachelor's",7.55784232303047
41.6532102124205,32307.2205628766,"PhD",7.84091770902601
44.3881870071445,23884.6697399905,"Master's",7.71234794024605
48.833028199487,20111.2134314129,"Bachelor's",6.10518035276726
19.4766301609805,58269.1131720183,"Master's",9.00360470055699
42.7631553213579,48254.6234018451,"Bachelor's",6.91434375855011
54.3040234118818,77758.5755541593,"PhD",7.89011336172641
50.4662884711155,58605.1266239457,"Bachelor's",9.9544511992214
44.3528894890768,62745.4383662391,"Bachelor's",6.20494252985578
47.1517840711106,70015.7537800243,"Master's",8.93651346930436
49.17174917641,42489.2135305254,"Bachelor's",6.08938270589152
13.3907720153432,57651.4689234273,"Master's",9.56520951298035
51.1027709663882,37662.4788078872,"High School",7.88687310242263
35.1501240343768,70540.2753200454,"High School",5.77844158492712
42.306168306312,61439.7671948955,"Bachelor's",8.55460393667429
37.0484219911642,56317.20759556,"PhD",8.44739729891937
48.7196495407874,36976.6392909316,"Master's",7.82756625619012
36.5152755104439,60943.4054143654,NA,7.40978279401042
45.1850376588825,57503.9880862743,NA,7.36278970501285
36.0931502136102,59513.7538056037,"Bachelor's",10.0821410590698
29.0721279089849,56119.1929437244,"Bachelor's",4.85119825717287
52.1001051044026,46972.4293293499,"Bachelor's",5.5204955244201
47.4090001127427,48847.0115234898,"PhD",5.08128981564086
57.2426223915645,66538.4779915413,NA,8.44113323556452
40.651539325793,65465.3777250014,"PhD",6.6315370969992
51.2500274582817,37548.3713850952,NA,6.80498731615481
59.7541905401908,45647.613202915,"PhD",6.40136886962656
37.1851788496103,59513.7538056037,"Bachelor's",6.1314603208232
26.7704888724478,35494.5214599663,"PhD",10.0341919018649
37.6064843286188,47830.8339479672,NA,4.88583877953455
37.8595876001462,23028.0116543761,"High School",8.97675341957274
41.5168050450932,24671.8628811263,"Bachelor's",7.48468150386224
57.1230497731928,66538.4779915413,"High School",6.41709922001256
36.7385610749465,41350.7161368284,"Bachelor's",6.74074464491939
43.7300465580492,22224.6240567277,"Master's",9.00846200166838
37.7231593510447,48307.0514085654,"Master's",9.55570880856533
40.2045070852503,69816.0390083227,"Bachelor's",8.6279438213948
43.1405766350626,72236.0407768791,"Master's",12.1316419125356
53.2821469603699,56620.7479753046,"High School",10.8669139815667
41.2131837749078,67756.1886841976,"Bachelor's",6.21201724801657
47.1284232003111,54283.8437036384,"Master's",6.9034271421896
47.7886002978353,60945.3378702806,"Bachelor's",6.00467896669499
49.1477327085563,41193.7157633171,"High School",6.86049836711472
34.2560544781562,50011.4627954377,"High School",8.10978915736875
56.2688121419468,83216.9797901019,"Bachelor's",7.15504422239584
36.1904326070599,64541.5159356389,"Bachelor's",7.2880104973065
38.9421583235025,61520.1157057582,"Bachelor's",6.61905079949655
54.0405026771417,33375.0813227276,"PhD",3.69419728212872
52.9408390614558,38206.4612000793,"PhD",6.26283542889727
29.1000812758876,84261.747203924,"PhD",7.21662590689433
31.2692899958254,33600.4885404003,"Master's",5.82534904402347
26.4192094062939,53217.1906292761,"Bachelor's",8.59144936043056
41.8184719261983,63388.5658945561,"PhD",6.33174153681696
41.6484086791847,65281.3695851339,"High School",6.35622976934085
43.6411468735506,66336.6801637886,NA,8.78351770079478
45.5215771421856,47553.0651517218,"High School",8.25144110959226
33.9810715401498,37685.1995432,"High School",6.77453878320388
30.0630140890129,45391.1415051704,"Master's",6.50836430082031
50.267850560749,36468.529871908,"PhD",4.82775206472401
47.5106130260632,52277.4849553262,"High School",5.95407312317257
24.908334626713,66805.3254263916,"PhD",10.8977353481948
39.0485254915071,81908.2032874029,"High School",6.94387747954893
31.040521772435,55491.7157439758,NA,8.37023783566498
19.2924892945804,36878.2793420947,"Bachelor's",6.14299036105683
41.5012013118814,65367.1229448984,"Master's",7.91473644424217
39.2078829074141,99357.761649778,"PhD",8.88706337503987
39.0263073248692,46426.2695614576,"High School",9.04588293352219
42.1615254180123,26632.1764419153,"Bachelor's",6.24454987429842
48.8246516439659,61419.6484309087,NA,4.43640974697745
42.0559750448339,66937.1659346244,"Bachelor's",10.8143566852932
33.8356415712647,45573.382539411,"Bachelor's",6.64339896025852
32.6520074807872,35173.3561642519,"PhD",9.19511137079538
38.6819720695882,43525.0834942711,"PhD",7.18656739971896
43.1001698657895,60234.7286770627,"PhD",9.18061126574966
29.6031964729796,48240.6392792773,"High School",7.52534043926114
38.1569113115762,41262.0683900449,"PhD",6.47646178051034
49.6726726016791,51674.3074729582,"High School",8.08839791172974
38.9171990876551,45748.9202752656,NA,6.3111423555678
33.0157933240561,41134.7425331857,"Master's",9.5271388468809
37.2405483157446,45260.946031364,"PhD",7.21987602520526
51.1464854536198,49877.717715117,"Master's",3.95521436060561
45.5004396121414,53112.4271107771,"Master's",6.29174487984096
52.3667580008161,72986.3543243876,"PhD",4.55144210981944
41.3909785716177,38781.0504362554,"High School",3.7324670408581
36.945303600902,47005.7142417059,"Bachelor's",7.08881297663141
34.4154308765187,59472.8469167124,"High School",7.97179095504645
46.0537066893033,76430.313551643,"PhD",5.85785966700203
34.9366645781076,56390.2154392324,"High School",5.00673651081409
25.7943449530426,53060.4646974484,"PhD",6.09695387915745
41.2799296568413,45386.6463560546,"Bachelor's",4.67421209147428
59.4585121773144,56214.6224616243,"PhD",8.0545026927251
48.0091433957306,64835.8688029458,"PhD",7.86175450766246
51.6525338994626,39598.7800508572,"PhD",4.60706273565068
43.5885572309315,52456.4211026984,"High School",6.06389670764394
33.9144282168378,53254.0451621658,"Master's",7.55784232303047
37.9775914488972,60939.1645131448,"Bachelor's",6.74791114700789
37.2675189318807,66670.7061053703,"Master's",7.01427383869733
35.3130022021791,54187.4122540945,"Master's",7.625860335967
30.3814336586987,48857.4399267923,"Master's",7.94025129502115
28.0263649763459,70919.9469831286,"PhD",5.97896885670137
46.2418747202065,52468.0117640838,"PhD",8.15884805292044
48.6415248622589,73667.7796819022,"PhD",4.93364940390273
28.0137764093125,49071.1601357068,"PhD",6.45635961202723
46.3949199790053,59208.8444629053,"High School",7.45344774369517
64.3022665234451,26808.6710863214,"Master's",6.8363801858228
40.4123292199294,48314.1205799389,"High School",3.73125207819411
48.4490424140807,49673.0819005867,"High School",5.86282791250842
32.177981543806,38624.8187387518,"PhD",8.52182672698463
51.107114182028,34461.6067336655,"High School",7.23707074309778
42.4982471992656,64222.3895382772,"PhD",4.55144210981944
53.0117599220059,50821.891767089,"Master's",7.3238893093443
25.4102927146308,30519.0200773031,"Master's",6.76193879018823
39.4870211387464,56365.6819240151,"High School",8.00778081010167
34.730748238744,31543.5361186424,"PhD",10.1598379026265
38.027351309237,88659.0214429695,"High School",7.84489342245405
33.70421257314,57881.1867239953,"High School",6.2424047170138
31.66156419465,39709.6399986042,"Bachelor's",6.7918555894864
45.7872237461645,64902.1997318332,"High School",3.79569249942435
29.1241928592307,50577.8539861302,"Bachelor's",9.42486405406425
54.8403093155628,58042.2346367859,"High School",6.11024644313135
28.1379341468625,42145.5995317076,"Bachelor's",10.3534041528695
41.0107915139528,32731.6799758461,"High School",2.62303567917497
45.3298928682648,63721.2836150413,"High School",9.23233175231123
45.8673533909263,44372.438704087,"High School",8.51203700153669
36.9825333613362,46413.9836081794,"High School",8.10263744443045
40.795019953284,51038.529898186,"PhD",7.22021798908721
49.6126415180968,69888.6251389887,"PhD",5.9337995571937
25.4353408292357,39527.5004806989,"PhD",8.65844710117243
32.1826028846792,38758.8733330523,NA,5.67137940244661
43.2040231431661,40705.7742093897,"High School",8.04214272679281
35.5521802166301,26225.130976852,"PhD",7.60395877797196
37.1522699294899,62294.4220625561,"Bachelor's",8.61435729465275
46.7325386335484,52885.5447011637,"Bachelor's",6.10518035276726
41.1068271594512,53107.5796132689,"Bachelor's",6.12851855803446
24.9224268246332,49349.7896847847,NA,7.45311484571832
40.2610022532624,42347.5933786384,"High School",7.45852773327151
36.8358413180301,37648.7207933566,NA,9.06099753100338
38.976534864794,62777.8460493901,"High School",7.7280991425791
28.1844077294431,28607.2299061977,"High School",7.5775607517627
44.9865804382992,56604.4841294812,"High School",8.26392976587317
29.6104355969297,38110.8252386347,"Master's",6.18458827635586
37.7377801855759,54234.653218182,"Bachelor's",5.64571753188578
43.8142582945135,38889.6421671477,"High School",5.46618759420762
32.1648421098695,42149.8747597395,"Bachelor's",7.50722105705931
45.8299140568006,76540.4887554052,"Master's",4.43973135458091
26.8348959834831,60024.2392840027,"Bachelor's",7.36967388731001
11.9022532103946,36878.2793420947,"High School",4.64805530328695
44.6496799078585,51896.1862415048,"Master's",6.652772582552
48.40539826961,43222.8059561416,"PhD",4.36381682490031
37.1415457640862,73811.8120979681,"Bachelor's",6.04057025515188
45.0412625459161,53146.7883564679,"Master's",5.83574963509857
28.4408347491633,51949.4827402904,"Bachelor's",7.83216197948195
38.7285139317434,45072.4014114787,"Master's",6.12681680487144
20.5848162395938,79590.5535100618,"Master's",5.84710734719118
51.8118089143852,16269.6489977516,"PhD",8.83227353172213
58.5991086154316,62573.2908091774,"High School",9.50375561450811
50.7401226028199,49839.1327301101,"Master's",8.44113323556452
39.7265303358626,59847.7011586907,NA,4.76313624228782
39.6666965772408,43190.0344904198,"Master's",9.21368046211309
60.3757401824043,41092.0315633235,"Master's",5.15719364389044
45.8673533909263,55232.5245526489,"Bachelor's",6.89207346702729
37.8926581930822,34400.6743435071,"Master's",8.1016873049691
33.4325707463892,87181.1870203563,"PhD",6.67916937941496
25.8797420734169,64845.5331219405,"PhD",6.77441079457328
43.1322877199433,40705.7742093897,"High School",7.18807363934583
31.5093886498329,40870.6757234881,"PhD",7.64178703315978
36.0296947967216,62354.1635393309,"PhD",7.80623994838182
27.824000122364,63543.1462174866,"PhD",4.41045811920005
56.875894829457,57130.8864764765,NA,6.73652764891016
39.8399747279203,41262.0683900449,"Bachelor's",7.43025778480746
50.7494507727239,42005.9789401479,"High School",7.88611001745902
13.9830032974235,25987.4000543707,"PhD",5.21060196992996
35.4680217000516,49912.7342918001,"PhD",5.94602253934874
33.2451770840793,63490.3351378507,"Master's",4.94861829760603
27.7707382063409,65478.8383478911,"Master's",6.04057025515188
55.4660915422409,51426.9905668313,"PhD",6.81771261153562
25.8471808023051,41785.5857416713,"High School",6.04719092669021
43.1839026040803,99357.761649778,"High School",4.7600862564168
48.4643628557969,61050.2829687564,"Master's",7.55125184634664
41.7819018841802,43666.5949521557,"High School",4.58689234797059
31.2474452250448,44934.7903899901,"High School",6.63882240457845
49.4116580672417,49430.6355941811,"PhD",7.81255698732692
41.7058808184084,56729.1064656009,"Bachelor's",6.60800951512823
29.3650209361796,75147.8346792244,"Master's",6.96025635705045
26.1195095239794,45327.8818181581,"High School",6.3516425395694
60.8671743449315,51103.979135118,"High School",6.55991988582008
33.2149685458156,18577.7804851966,"Master's",5.48943981194903
21.4442834608196,42391.1834887755,"Bachelor's",7.63781139945985
45.3325936275365,30619.8638485503,"PhD",5.16277511149677
43.102302560609,66700.4407603565,"Bachelor's",6.11430301700933
26.461656642774,47533.2036757961,"PhD",5.62954289629226
24.908334626713,44144.3887698989,"PhD",5.693623428465
38.8369748284139,72047.1842280929,"Bachelor's",6.44716654030964
28.7539632874176,66744.0928736004,"PhD",6.27212122586086
46.3612403518215,54283.8437036384,NA,5.95005718122695
35.0706257583802,61424.5926147029,"PhD",6.61984915482606
31.6581176841562,31573.3314723163,"PhD",4.62265358788123
42.7106675675055,42865.7746368323,"PhD",7.16655755128199
41.5735334721616,74248.6645572043,"PhD",7.94776923843528
46.2971174669273,71751.9192699566,NA,5.07535196194914
48.8465049897692,66635.2813320026,"Bachelor's",4.88034906761049
48.993540532031,41436.4417050451,"Master's",10.3479956651657
39.480180938191,21778.5279458667,"PhD",7.35926086121908
36.6945529988004,32364.5272396376,"Bachelor's",5.53942663467785
47.408145237259,64288.3478694128,"Master's",6.70223881663447
49.8997160862711,45641.4817075237,NA,7.73897164168112
20.6149529854662,17560.8778164803,"PhD",6.72283119079096
41.0719040701615,47297.1876842531,"Bachelor's",6.1811320714649
39.0485254915071,71153.5883168686,"PhD",6.35128589946694
25.4917568650937,59652.029607793,"High School",6.48327294049967
53.8051452831454,42657.0069318138,"PhD",6.52049590634137
31.718257296032,26811.2502190246,"Master's",5.87245168960454
50.2025301216443,37601.7916154482,NA,8.61115228516138
45.3848203210264,56604.4841294812,"Master's",7.14073323348923
47.6905229499561,63321.1055136809,"Master's",9.9544511992214
33.7543252638191,20900.8976781462,"Bachelor's",7.88687310242263
48.6364843415775,65348.0263291118,"Master's",7.5253427180172
53.8051452831454,65609.3472937177,"High School",6.79363062822564
59.6624801545563,58546.6845440874,"High School",7.60132280056011
39.7160494525094,25201.1665514769,"Master's",5.64043150707334
17.509489096676,40000.1842981673,"Master's",6.7017396211569
40.3152600459399,43276.4871610171,"High School",5.50126794350916
42.0556120844997,65658.3702246354,"PhD",5.22428434836461
38.446546528556,65422.6107109312,"High School",6.50290202472747
25.4115058556191,56526.3568887251,"Master's",7.25203720187273
50.1067796451427,74063.1827243583,"Bachelor's",5.63049170397473
34.8201756983218,42268.8320038195,"High School",6.73741280757331
37.0590467284389,56328.2703991053,"Bachelor's",4.25433081867064
43.9784220880034,49460.8995531392,"Master's",6.32989412209791
34.4977625851086,39989.8685573539,"Master's",7.55784232303047
40.9126738348824,63850.7005749626,"PhD",5.27287615348041
20.5848162395938,70716.5049627425,"High School",5.21060196992996
28.8010027860238,63173.7562427727,"PhD",6.67020781223937
26.7224452439587,42358.948168666,"High School",7.13591743106839
32.847578127772,42953.1854876735,"Master's",8.85416374828044
33.0669547206933,70665.13770209,"Bachelor's",10.9806110929057
43.8230514254637,55292.3960962662,"Bachelor's",5.20238715613292
49.8211300252264,62443.6096898168,"High School",8.00718028983049
32.7261647091246,44919.4702450354,"Master's",10.0418861755989
30.03161017622,68915.5240469698,"High School",6.5486135441958
29.5831114101049,37868.6728255671,"Master's",6.67997589173399
35.8541127363633,59380.2728129995,"Master's",7.37990522441867
47.8773884747518,37742.3755164783,"Bachelor's",4.86986793273921
44.8361753383827,13061.3747512135,"High School",4.24684501685802
39.480180938191,29855.6373398049,"Master's",9.7101840610574
19.2151073113998,52044.4279881524,"Bachelor's",6.13750638623443
39.0856572444986,63243.8412443874,"High School",6.31317871481042
51.8718681065156,58605.1266239457,NA,5.51056635101585
51.9160126851033,31228.6329662071,"High School",7.21610889499899
32.1103678188877,10939.4274408934,"PhD",7.88671078365353
24.5222345636243,43491.509752651,"PhD",6.65708314318989
64.5806049186527,80169.3946976844,"Master's",7.02205704032106
38.3757805752058,42095.9701793402,"Bachelor's",10.0418861755989
39.0254874989438,45521.2567227274,"Master's",6.98384788447931
43.4610361955361,43222.8059561416,NA,6.15798479173449
23.8596054338088,50164.4276419851,"Master's",6.90908487783024
32.7178088880871,47111.596834369,"Bachelor's",5.736510480928
24.5955759470999,42953.0527228439,"PhD",7.1528321254593
33.069053859894,59723.4466059723,"Bachelor's",5.65311132377748
41.1884943300456,78029.8325050056,"High School",9.09088816791501
50.7401226028199,76856.3631236456,"High School",3.27021414342856
36.6945529988004,33483.7738742115,"Master's",7.60194120371602
32.7178088880871,47478.3871683505,"Bachelor's",6.26795916555864
30.9578497437936,70629.1295706874,"Master's",9.9807232122247
42.2632494238106,64974.350345783,"PhD",6.64830485396904
47.4808116249384,69149.0242811866,"Bachelor's",9.9544511992214
50.6109525326174,33923.7962276031,"PhD",7.77717975302598
37.8715172135347,88659.0214429695,"High School",7.37150861400517
39.0636320608895,32998.1006034451,NA,7.77717975302598
39.1328586501808,61308.7451282493,"Bachelor's",9.99612060082613
54.4146175605504,52119.1397066853,"Master's",8.39126323552101
51.2507189227799,43944.3452305695,"Bachelor's",7.29463622331637
48.3440156775704,44308.7630272847,"High School",9.68539932848116
37.1265920015931,35129.047812035,"Master's",7.87479662378494
43.7324143416641,74339.8969363521,NA,6.06389670764394
44.032903312207,51342.6984164413,"High School",8.86754522292775
29.5832670571068,53888.2692382157,NA,7.24165993902995
22.7169548467926,53144.4924959155,"Master's",8.08823603718646
46.4183002765162,44372.438704087,"Master's",6.5882796728016
24.7068946881958,32989.6813286743,"PhD",7.18725409809422
40.0168368848421,53805.8946452594,"PhD",7.05946394099119
42.5024782134833,18595.4082506161,"Bachelor's",6.04040044370157
45.6386739030588,28721.4958574658,"PhD",10.0519798283948
41.8942623751481,33854.0495759243,"PhD",6.16165360091675
32.6714619370288,33819.8170599147,"High School",6.46633088399197
49.8636585989546,51607.8322485062,"Bachelor's",8.98662608553617
57.3863376690625,73977.3132248711,"High School",6.8737300502847
48.8117880892544,27270.1378390255,NA,8.75218964078386
20.5634909867602,56505.1403089492,"Bachelor's",6.08896431862778
53.9957618540294,63493.1712998156,"Master's",6.98073751104184
39.4394405381373,35157.0169656669,"PhD",6.62359468236037
45.2491427931929,49208.0089771628,"PhD",5.54632953939001
39.1708005766077,62354.1635393309,"High School",6.54503206994949
39.0331392679329,46167.3634617892,"Bachelor's",6.01709929050222
41.8130347974915,46689.7347912318,"Master's",8.28617098742057
50.191570693309,54615.9018681593,"High School",6.56352462546456
47.1160192248624,49099.8012000009,"Master's",6.87582819333355
49.9026224604423,41665.2066509117,"Master's",5.7582329607928
63.8292669523033,47920.7747080866,"High School",7.32279850841639
46.6441586369409,78242.5968857971,"Bachelor's",4.58209546464456
42.0738115738531,63105.0301940904,"Bachelor's",2.57519232357516
17.8936688942438,36281.0439075856,"Master's",9.82015951489875
66.9171400324612,31326.2356650302,"Master's",8.13589254613405
35.1732317820369,44600.2663897609,"Master's",7.95209295109067
63.7473471509539,69931.6205142198,"Bachelor's",7.55923148907137
43.7464356800499,48254.6234018451,"High School",8.01569367554078
55.3843019889679,31986.9600768885,"Master's",7.77972140586708
38.9028967882376,58107.5399137262,NA,6.88351743790008
45.1147075469813,30669.2564697481,"PhD",8.23755814398062
42.1395797964226,33189.8225106287,"PhD",5.23206221716278
38.138793006265,56917.8868131768,"Bachelor's",6.81675460121958
37.7422901434073,72862.1421526822,"High School",9.91800561648824
50.1283433584425,56517.0244719924,"High School",8.48254404924971
37.985418530285,30298.2362522239,"Bachelor's",8.83657807192868
45.5215771421856,40156.3530737441,"PhD",6.52732357775104
38.0411075117017,54415.3008265545,NA,7.5034671457977
45.3979060553627,45003.1864816408,"PhD",5.61612186631915
46.1645571635144,53701.988178065,"PhD",7.61105362822053
46.1656781747743,49349.7084725937,"High School",7.39601715157076
23.0789847913092,49481.0974130144,NA,7.1369253309125
43.6874205801119,85475.8329800422,"PhD",5.97896885670137
49.6785920994706,31754.7903816215,"Master's",6.65204575730352
52.7657868146766,52563.5948502357,"PhD",6.9770381902115
37.7503872895588,62075.7964043329,"Master's",5.60626096434216
36.781074138172,65758.8926617383,"Bachelor's",6.39086465106071
54.8783783187804,49839.1327301101,"Bachelor's",4.89485116928131
23.3207195422068,38851.1578785612,"High School",5.1389063986361
35.6317002308688,49013.2392219502,NA,6.56985219784722
44.5746207935745,44200.4531828665,"Master's",6.41306904731938
23.8222623461877,57241.0851226375,"High School",6.07464765365114
42.7962786243176,19332.8439116289,"High School",5.83923353570068
58.7786402105219,71351.8869297537,"PhD",6.70505961517154
39.9593934656366,58107.5399137262,"Bachelor's",4.87820128788745
37.2154597503641,49496.4234224371,"PhD",6.46329822170998
44.7491171403405,49732.0456833485,"Bachelor's",5.07519420456534
37.2092782921269,47753.154203099,"High School",5.39642229324897
48.1340037407906,53848.3922143287,"PhD",3.9934785263933
49.044354644497,42441.9960044448,"Bachelor's",4.43422551667289
40.0269166123012,54155.1687749001,"High School",5.87886972585555
28.2330784225027,36029.6596276889,"PhD",5.53537680814844
26.8177927254091,44984.9292174533,"Master's",5.27646083409832
34.0700263434468,66602.5613099967,"High School",9.98386548071113
47.9738050054984,57638.091704807,"High School",9.62669662404775
39.2232679938944,65506.2451467667,"Master's",10.8466139509194
21.1367484126745,33636.9685729607,"Bachelor's",8.16474385231201
53.6813264802863,50821.891767089,"Bachelor's",6.7581271827411
43.9439484798058,59258.7545408309,"High School",5.43510895832407
30.8643395183501,33979.9269840007,"Master's",7.06947958627535
48.8674903709606,73487.2150558769,"PhD",6.25468907879383
43.3336997015518,34477.8798352211,"Bachelor's",8.92078138989468
38.2936038176139,52467.7806275876,"High School",7.99970584350867
48.1882813653178,52277.4849553262,"PhD",9.9544511992214
43.8836516281937,51825.0545295028,"Bachelor's",6.71931785839508
35.5406497278784,46843.631245348,"Bachelor's",4.66954548561114
42.3111493441816,56749.0518071931,NA,7.48960400766937
46.4751335797759,34532.5326215381,"Bachelor's",6.67808204190325
43.5628334486205,30659.5371766517,"PhD",6.544062539276
33.4198979205052,40242.3107183821,"High School",10.2762598425884
48.5520220506419,49140.1384422833,"Master's",8.30453692482783
51.5293622555862,68851.2173053557,"Bachelor's",6.65739069446902
42.7627455654334,73811.8120979681,"PhD",4.14483037071502
41.4410466246219,54792.2219381712,"PhD",3.29737970022299
39.2437491922016,55723.8743403972,"High School",8.48558338015028
61.6141584630279,46345.3267454083,"Bachelor's",7.55923148907137
42.7631553213579,50720.7962607955,"Master's",7.40816105202328
38.4170597130006,54155.1687749001,"Bachelor's",8.56764045869213
58.6685184470686,54349.0059334365,"Master's",6.74648501917776
24.3471823496947,41966.6962655938,"Master's",6.48129696217486
39.2232679938944,55020.1815965082,"Bachelor's",6.61905079949655
42.062940448431,44810.2799126825,"PhD",8.10176939119105
42.7687245886161,40075.7639774533,NA,6.59597780355352
48.2150678044862,46713.3293479693,"Master's",8.14045171365859
38.0584759067954,35021.9239099411,"PhD",5.1577245709621
52.1458879448256,66418.6731176356,"PhD",5.09340246792697
30.7848395713042,53138.1212365569,"Bachelor's",7.19107541245966
27.9155727955693,56487.3713922982,"PhD",8.14057473698204
25.3935992907518,31387.1962129884,"Bachelor's",6.38852062596669
47.4229702418652,72452.3256444203,"PhD",6.13386798262293
39.1708005766077,52390.5566174114,"Bachelor's",2.74093574963666
47.898179218205,37155.7789489512,NA,7.56148131133144
37.3229357844292,54635.6996817023,"High School",5.64571753188578
34.0810789778719,63056.5104476732,"PhD",7.6038623592746
36.3164742487349,29244.8429254766,"PhD",6.1314603208232
21.4738317575827,75351.6045504584,NA,6.25612143110901
28.3038473958589,47629.5394223246,"Master's",8.04508807233082
25.5796535364155,66817.5617097297,"Bachelor's",7.13591743106839
50.5432227197535,51083.9197863337,"Master's",7.55290695356749
34.026699086372,45013.6573314991,"Bachelor's",5.26630092208065
47.8945985279018,22476.199300597,"PhD",7.62673539239216
55.1649060169196,33497.4167211921,"Bachelor's",8.95744231667345
38.0822519089006,49379.8955012385,"Master's",9.69506778343166
42.8387890635235,62417.7881767571,"Bachelor's",5.21892901771437
22.4893248060392,21774.8201876814,"Master's",7.80052751253583
31.813302224802,70631.6166848636,"Master's",6.23796374385137
40.5621484938284,70984.8569645446,"Bachelor's",7.78408094215559
42.9908690333615,32850.2561613359,"Bachelor's",6.73230420631535
32.4060188270112,57084.5084328967,"Master's",6.62795010159774
66.848589992268,49940.1658347502,NA,8.02314924510958
35.4160986090761,48122.0003196757,"High School",8.11930229010376
40.6424355663004,63929.9410827002,"Master's",7.4186155566791
56.5517581574201,63025.0947154816,"Master's",7.71235014310679
39.73981365226,37262.3809454978,"Bachelor's",7.56769061879993
46.4183002765162,44200.4531828665,"PhD",5.09340246792697
50.453056639633,35357.5464350425,"Master's",7.13684524016043
56.155453232072,55093.1548985737,"High School",8.37341533864724
39.7030602895016,26613.8725334934,"Bachelor's",8.06484893838301
45.6226734540307,10560.1183767296,"High School",7.36278970501285
39.0258750149737,72047.1842280929,"High School",8.66045274774114
50.1645521770216,84102.0936949209,NA,7.82400599952183
28.4383260574015,43174.4968964176,"Master's",6.770502506958
63.2086022399448,61416.5373064234,"PhD",5.3657943651321
33.9646875221166,49887.4582443542,"Master's",6.26795131929761
25.4115058556191,53060.4646974484,"Bachelor's",5.69506762404881
36.4908217280693,58312.1589885407,"Bachelor's",6.55223711953712
41.46708484145,53054.9594767423,"PhD",6.21205814103942
56.2362120768023,23012.9532235119,"PhD",10.3479956651657
49.1120967677132,35632.25911774,"PhD",5.46415012258863
41.4245843204579,44737.1957742972,"High School",6.06654682513907
48.993540532031,28947.6487292746,"PhD",6.79363062822564
31.3396225532789,46973.0500263,"Master's",7.32040893025393
38.3671506777071,48098.3276031155,"High School",6.39389547764179
65.5302611346059,65888.1030899923,"PhD",8.51923349807653
34.2602652070201,14960.7900221015,"Master's",4.5383058380004
51.3105465184602,41635.3455902233,"Bachelor's",7.72413791284062
34.7276574276608,72321.7989257474,"Bachelor's",9.35474585068093
56.6599089998742,70379.9865315505,"High School",6.38822836262707
28.607993600266,67448.2181585354,"Master's",7.58137737706127
41.4362323466275,78029.8325050056,"PhD",6.16256799501358
29.0044905829725,53060.4646974484,"PhD",6.96697744563987
49.0351642636167,41271.7446969534,"Bachelor's",8.2234051931836
54.8377948873809,58328.0609279513,"Master's",5.62897827790965
59.5072100640115,65880.8468873889,"High School",6.16776880337629
47.9760065758952,86204.4990720658,"High School",7.79833502107727
58.4326625457782,20525.2650093322,"PhD",7.62356453458669
52.4642390866165,54098.5355460023,"PhD",8.21028877271847
38.6812508817599,59821.9187430447,"PhD",6.13315158837244
44.770372382847,49181.0201695943,"Master's",8.15477911267227
30.2800578852407,26632.6662727233,"PhD",5.38355108918021
38.1479783059901,61122.5133812937,"PhD",7.23067204981594
52.2096370834882,38313.7138810412,"Master's",6.40136886962656
45.4128414348235,76856.3631236456,"High School",6.99121375283081
44.5735733162533,63613.2755902678,"High School",8.37604353308371
29.618689603128,39709.6399986042,"Master's",7.41423316580401
33.9548676966588,26632.0430392165,"Bachelor's",5.66257931978399
32.3539398624643,66226.1277226868,"High School",6.81982788190332
43.952958700135,38645.2796458097,"Bachelor's",6.46633088399197
28.8358358806646,30664.7078922656,"High School",5.23206221716278
45.6204139009905,69714.8099887915,"Master's",6.36767796398932
28.8358358806646,56487.3713922982,"Bachelor's",9.42486405406425
58.2853045813536,46361.2509844249,"Bachelor's",7.92418426494656
44.605913494781,61393.1105935752,"PhD",5.5573089598528
32.9899638774673,37095.1138786541,"PhD",5.15716501097609
42.4104593250122,47734.5263142193,"PhD",5.56100461961606
36.4754680077204,48594.1514935869,"Master's",7.87023528484495
43.7114795975966,45788.8991824399,"Bachelor's",6.3111423555678
42.435327187603,35361.0996076717,"Bachelor's",6.14712654528832
29.8588582733853,73059.9130324392,"PhD",6.4469734886516
32.0868612118053,43163.4340583165,"High School",8.46734210428841
42.9959368473956,49510.1232146641,"Bachelor's",6.53938958505097
56.3905190875156,52805.7671983102,"Bachelor's",6.91238608023225
50.8461700867092,45064.3704421019,"Master's",7.52880062073802
33.7543252638191,10939.4274408934,"Bachelor's",6.72650855423666
48.2592290164749,57709.756796719,"High School",5.8974603933958
50.0573852446226,36702.9798333311,"Master's",6.38058808726539
43.013136517184,35021.9239099411,"Bachelor's",5.37849934720197
42.6036149073656,44810.2799126825,"Master's",7.70396892401151
45.8299140568006,86719.9701052285,"Master's",7.70396892401151
28.1471118941278,34403.2618789469,"Bachelor's",7.36639395380365
41.0091985901286,65465.3777250014,"PhD",8.21909383929076
22.2002271203238,48587.7824244555,"PhD",6.02329746259851
45.8983592295876,35106.0747536598,"High School",6.78953683560465
50.966084717214,68333.550521846,"Master's",2.62303567917497
35.643545303081,63739.8808691032,"Master's",4.85403906235118
20.7485474816288,44144.3887698989,"High School",7.13333941379663
44.1276949719403,42943.8668788571,"Master's",3.73125207819411
55.9336995138365,60292.0288294831,"PhD",8.0251096833082
35.859841369577,14960.7900221015,"PhD",8.97348106116205
48.8465049897692,66428.6657277271,"High School",4.79102584483375
39.6346277779526,26492.7485175164,"PhD",7.92647718853091
43.6501875143304,50328.9659422757,"Bachelor's",5.39076305941087
46.6515987574597,47144.6153361206,"Master's",6.68496128796284
53.1782088371148,76686.5400027717,"PhD",7.90368899912294
39.0451240955501,52832.7397258494,"PhD",4.87820128788745
44.6496799078585,51529.0870235782,"High School",7.32159201091115
64.8799787722146,60472.037132879,"Master's",2.30636771291243
44.3109892811499,37594.7816571435,"Bachelor's",7.46808745471821
41.8875310932983,47061.5171590044,"Master's",9.40234518250652
63.0506198204569,67663.7662071165,"High School",9.31298054156235
40.0285604762223,60252.1043146978,"Bachelor's",3.01049593039616
37.7867384683312,30867.5493987121,"Master's",7.80254026402621
39.8895417019063,59569.3455111632,"Bachelor's",6.47541850847953
34.2458235872883,29336.1556309442,"Bachelor's",6.96248791285531
33.131843475573,41025.337944205,"Master's",7.79833502107727
32.7922636817988,68163.8057578551,"High School",7.5775607517627
37.8549548460023,16234.3223683122,"Master's",7.18725409809422
53.6813264802863,54098.5355460023,"Master's",7.5608342333483
50.4908662655933,69520.5900923964,"Bachelor's",6.71317269946507
36.4002488205694,37778.1082392102,"PhD",5.46184366694158
23.1408354546126,68655.6052786837,"Bachelor's",7.49979450416074
31.5541657146405,47476.2469886584,"Master's",7.89260360696671
35.4223946675949,56416.6351754439,"Bachelor's",7.08147893114609
41.036380042283,62199.1833444386,"Bachelor's",7.85065238115713
33.3739272429919,40231.8219595993,"PhD",5.66257931978399
60.0668069083189,45431.1361528009,"PhD",8.92720122258998
37.2773246558165,43773.5424553155,"High School",6.46304157729151
27.8605552976049,92241.2641403357,NA,6.13052216523108
38.5873824271749,51892.2060364637,"High School",8.56238917372097
29.9462241840659,57092.0063466663,"High School",8.67232327161682
41.5615570727533,44888.6968858858,"PhD",6.93721295451407
42.3363361408987,46373.1403601809,"Master's",7.33075998988916
43.5558761162838,70681.3200328597,NA,6.00467896669499
23.7814174087579,59336.1467432917,"PhD",5.34199965903086
36.7406841446877,50302.0445414114,"Bachelor's",8.70665498941226
40.3152600459399,55654.432462116,"Master's",9.57159075172741
25.7889155249551,43524.1438244318,"High School",7.0819143612051
49.5536563973041,79385.9623426555,NA,7.8785830059181
47.8417087909434,28573.1058166824,"PhD",7.91455329046397
62.9961936115445,80169.3946976844,"Master's",8.79037301246555
55.3261062618519,57130.8864764765,"PhD",5.71178436006884
40.46733527518,70356.7947027424,"Bachelor's",8.34355929002345
40.9658583408244,20012.3388348879,"Master's",4.43657940074661
40.697662309003,64341.2093214268,"Bachelor's",10.1153553180851
21.5152722466233,63146.468974653,"Bachelor's",6.14299036105683
23.2887294135776,30931.7454265987,"High School",6.52571355176994
39.224610332088,38475.1418226556,"Master's",7.38832776497468
34.189326194335,48098.3276031155,"High School",5.1245319096945
40.5473652505743,67157.5314319551,"Bachelor's",4.88583877953455
18.8879162673947,38510.0104395699,"Bachelor's",7.49979450416074
25.0130174547324,46638.1100142005,"High School",6.49004876773286
28.9851656106126,73570.20402466,"PhD",10.0394410920167
49.8605822106025,33089.7913872276,"Master's",4.31985902356534
22.0971876273594,64216.9097107529,"PhD",6.84191737653713
32.0048604642347,56731.5228385235,"PhD",8.76827093288993
40.7987381867405,33412.7820716551,"Bachelor's",5.74575279330469
36.7725363817489,39981.9823673933,"PhD",9.99612060082613
41.4641717866796,61749.162654533,"High School",9.91492734515971
63.0506198204569,53734.3914906819,"Master's",4.19898160352442
28.7539632874176,71376.4741620121,"PhD",5.79460320226288
36.945303600902,40973.2405686262,"Master's",5.20238715613292
34.8324055025627,24282.6845543079,"High School",7.94428207643488
55.1239542683245,65717.403897174,"Bachelor's",5.70080721555912
32.3051507710972,40870.6757234881,"Master's",7.70170840445022
39.1791309622428,51805.1079023383,"High School",6.03129042669014
47.8713361432271,75785.627207777,"PhD",6.77121166051228
29.414094640516,44934.7903899901,"High School",9.98386548071113
56.5517581574201,73243.3299109547,"Bachelor's",7.20550563044279
46.7576241547425,49140.1384422833,"Bachelor's",4.08894181905047
29.2579339046965,63882.6685417435,"High School",6.19616879880816
45.5391765353759,53701.988178065,"Bachelor's",8.07039264651495
37.8669285676693,69816.0390083227,"PhD",8.10450072182771
43.1322877199433,30799.8659166552,"Bachelor's",5.32776078253743
39.1002480298434,51149.6549539176,"Bachelor's",6.6570684458657
50.7051603677834,38313.7138810412,"High School",6.87761518021767
26.4889961429667,54161.7022555202,"Master's",5.90115026895674
34.7738330280408,58052.8403334732,"Master's",4.92605076541636
37.508093222446,43092.7165103493,NA,10.0341919018649
